{
  "items": [
    {
      "key": "dashboard",
      "order": 1,
      "label": "Dashboard",
      "urls": [
        {
          "href": "globals => $\"{globals.Settings.NewFniBaseUrl}/investor/v1/cfs/modern#/annuity/{globals.Account.AccountNumber}/\"",
          "rule": "globals => globals.Account.AccountType == AccountType.Annuity"
        },
        {
          "href": "globals => $\"{globals.Settings.NewFniBaseUrl}/investor/v1/cfs/modern#/account/{globals.Account.AccountNumber}/\"",
          "rule": "globals => globals.Account.AccountType != AccountType.Annuity"
        }
      ]
    },
    {
      "key": "transactions",
      "order": 2,
      "label": "Transactions",
      "urls": [
        {
          "href": "transactions"
        }
      ]
    },
    {
      "key": "statements",
      "order": 3,
      "label": "Statements",
      "rule": "globals => globals.Account.AccountType != AccountType.Annuity && globals.Account.ProductAbbreviation != \"CLREMP\"",
      "urls": [
        {
          "href": "globals => $\"{globals.Settings.ClassicFirstNetBaseUrl}/FirstNet/OnlineStatements/Redirect.aspx?initialMenu=AccountBalance%7cFNIView\"",
          "method": "post",
          "target": "_blank",
          "body": {
            "accountNo": "globals => $\"{globals.Account.AccountNumber}\"",
            "productTypeCode": "globals => $\"{globals.Account.ProductCode}\"",
            "deeplink": true
          },
          "rule": "globals => new[] { AccountType.Superannuation, AccountType.Pension}.Contains(globals.Account.AccountType)"
        },
        {
          "href": "globals => $\"{globals.Settings.NewFniBaseUrl}/investor/v1/cfs/modern#/documents\"",
          "rule": "globals => !(new[] { AccountType.Superannuation, AccountType.Pension}.Contains(globals.Account.AccountType))"
        }
      ]
    },
    {
      "key": "consolidate",
      "order": 4,
      "label": "Consolidate my super",
      "rule": "globals => globals.Account.AccountType == AccountType.Superannuation && (globals.Account.ProductAbbreviation == \"FCESUP\" || (globals.Account.ProductAbbreviation != \"SUPER\" && (globals.Account.DealerType == \"OnlineBroker\" || globals.Account.DealerType == \"SelfDirected\")))",
      "urls": [
        {
          "href": "globals => $\"{globals.Settings.ClassicFirstNetBaseUrl}/FirstNet/SuperMatch/Redirect.aspx\"",
          "method": "post",
          "body": {
            "accountNo": "globals => $\"{globals.Account.AccountNumber}\"",
            "accountDescription": "globals => $\"{globals.Account.ProductName}\"",
            "deeplink": true
          }
        }
      ]
    },
    {
      "key": "beneficiaries",
      "order": 5,
      "label": "Beneficiaries",
      "rule": "globals => new[] { AccountType.Annuity, AccountType.Superannuation, AccountType.Pension}.Contains(globals.Account.AccountType)",
      "urls": [
        {
          "href": "beneficiaries"
        }
      ]
    },
    {
      "key": "insurance",
      "order": 6,
      "label": "Insurance",
      "rule": "globals => globals.Account.AccountType == AccountType.Superannuation",
      "urls": [
        {
          "href": "insurance"
        }
      ]
    }
  ]
}